﻿{"cameraMode":{"drawMode":0,"name":"Shaded","section":"Shading Mode"},"sceneLighting":true,"audioPlay":false,"sceneViewState":{"showFog":true,"showMaterialUpdate":false,"showSkybox":true,"showFlares":true,"showImageEffects":true,"showParticleSystems":true},"in2DMode":false,"pivot":{"x":2.5606417655944826,"y":48.040626525878909,"z":92.39674377441406},"rotation":{"x":-0.00017760402988642454,"y":0.9990962743759155,"z":-0.04229668900370598,"w":-0.004195331130176783},"size":10.0,"orthographic":false}